<?xml version="1.0" encoding="UTF-8"?>
<!DOCTYPE suite SYSTEM "https://testng.org/testng-1.0.dtd">
<suite name="Suite" parallel="classes">
  <test thread-count="5" name="Test" parallel="classes">
    <classes>
      <class name="tests.S12_1022_CreateLead"/>
      <class name="tests.S12_1021_Login"/>
    </classes>
  </test> <!-- Test -->
  <test thread-count="5" name="Test" parallel="classes">
    <classes>
      <class name="tests.S12_1022_CreateLead"/>
      <class name="tests.S12_1021_Login"/>
    </classes>
  </test> <!-- Test -->
</suite> <!-- Suite -->
