<?xml version="1.0" encoding="UTF-8"?>
<!DOCTYPE suite SYSTEM "https://testng.org/testng-1.0.dtd">
<suite name="Suite" parallel="tests">
	<test thread-count="5" name="Chrome">
		<parameter name="browser" value="chrome"></parameter>
		<classes>
			<class name="testcases.LoginAndLogout" />
			<class name="testcases.CreateLead" />
		</classes>
	</test> <!-- Test -->
	<test thread-count="5" name="Firefox">
		<parameter name="browser" value="firefox"></parameter>
		<classes>
			<class name="testcases.LoginAndLogout" />
			<class name="testcases.CreateLead" />
		</classes>
	</test> <!-- Test -->
</suite> <!-- Suite -->
